ISO,1995,1996,1997,1998,1999,2000,2001,2002,2003,2004,2005,2006,2007,2008,2009,2010,2011,2012,2013,2014,2015,2016,2017
ABW,0.054558413,0.015183167,0.01990643,0.060129421,0.059364996,0.065817951,0.060565257,0.041072085,0.040892395,0.040366333,0.10232233,0.064872156,0.068986254,0.056050904,0.185965493,0.832555716,0.08150265,0.205422742,0.25881847,0.117926159,0.516200309,0.461682312,0.458440002
AFG,0.342998005,0.222288599,0.547030367,0.251221297,0.505650072,0.44334616,0.696075401,0.434075472,0.415404146,0.350715663,0.563478885,0.342555853,0.367625353,0.446159881,0.919357609,0.57454689,0.366662881,0.319235122,0.311154901,0.277513439,0.245871833,0.227826862,0.263098772
AGO,0.002765366,0.006930946,0.012758305,0.014305131,0.009663681,0.007680236,0.006867792,0.005976563,0.001409146,0.008245684,0.001005801,0.000924582,0.008184531,0.005665343,0.011782095,0.008906444,0.003438205,0.006774826,0.007606399,0.005103654,0.027027786,0.018324831,0.02150588
ALB,0.38131047,0.556077311,0.433938115,0.403893543,0.44993281,0.626659778,0.490414985,0.54102159,0.633425189,0.517996964,0.579272192,0.446738856,0.485661674,0.663358603,0.76260075,0.404066713,0.536249613,0.42526778,0.476346998,0.37337388,0.386574466,0.410937776,0.461135603
AND,1.506245728,1.312472462,1.306901703,1.452497815,1.236847968,NaN,1.338253457,1.228142569,1.22865882,1.210434474,0.912058847,1.181042365,1.46315231,1.04055533,1.019378656,0.923175659,0.794459279,0.961839145,0.82946734,0.599273453,NaN,NaN,NaN
ANT,0.192178599,0.153582108,0.450206274,0.496132139,0.401288888,0.36087403,0.168643637,0.274425027,0.212918832,0.341815081,0.213205081,0.311659143,0.289935482,0.261095436,0.251040579,0.25736495,NaN,NaN,NaN,NaN,NaN,NaN,NaN
ARE,0.291382221,0.296438787,0.315298632,0.358418478,0.333479999,0.344312222,0.358164578,0.420280297,0.402928565,0.607424795,0.567025872,0.311694621,0.741703507,0.452649474,0.406055862,0.770480995,0.520170734,0.331991516,0.418576087,0.752587962,0.716505447,0.607856605,0.474155319
ARG,0.793100244,0.753059407,0.746975984,0.667702074,0.951842575,0.933269553,0.806306482,0.668326948,0.722514889,0.737276166,0.791665582,0.770131238,0.719846392,0.762807054,0.798692876,0.745454408,0.791060264,0.809304844,0.855503715,0.845657836,0.839992409,0.660504768,0.657761162
AUS,1.188278049,1.107763503,0.95626572,0.935573424,0.853531617,0.973400457,0.84639089,0.87478996,0.889523766,0.734833466,0.766807175,0.721621082,0.750229295,0.731608644,0.624382896,0.513613268,0.52603588,0.463091685,0.508132509,0.544593898,0.520999171,0.476454979,0.517560051
AUT,4.375525099,3.138516881,2.929177066,2.950835252,2.881445046,2.582461118,2.298139669,2.159335094,2.857801199,2.476799186,2.784453669,2.435633463,2.370350946,2.238985609,1.888120012,2.043356833,2.369937504,2.312032018,2.313124171,2.540971562,2.302631717,2.406590437,2.694879821
AZE,0.242519343,0.665633848,0.463311911,0.437371039,0.248682973,0.290397604,0.19752173,0.174601861,0.178698961,0.271842553,0.227482884,0.173441588,0.113510721,0.092165822,0.103079408,0.123897361,0.151128475,0.149411116,0.15990287,0.110006111,0.160952909,0.131165274,0.175655333
BDI,0.106084165,0.122479279,0.102368198,0.088078523,0.082146434,NaN,NaN,NaN,NaN,NaN,0.167749808,0.350327275,0.269396476,NaN,0.298984191,NaN,0.222913343,NaN,0.157068534,0.207308371,0.129670889,0.129208305,0.213636809
BEL,3.725217371,2.890010324,2.761356491,2.945542684,2.837135902,2.637226543,2.495322926,2.160915235,3.005933049,2.505227272,2.290775064,2.212149381,2.268260397,1.938030129,1.692238304,1.635846674,1.764368395,1.954322311,2.198284109,2.448819449,1.976157089,2.075576881,2.386996576
BEN,0.123800331,0.171550299,0.107348786,0.176301175,0.162433457,0.235269394,0.219695256,0.180211131,0.149071813,0.157523851,0.134267871,0.200690672,0.164594427,0.148116545,0.22192282,0.140078447,0.126873211,0.205460206,0.193179011,0.153782167,0.134529112,0.161714226,0.210947815
BFA,0.14544558,0.196316508,0.292391603,0.206638828,0.331681073,0.456148373,0.496194115,0.427348649,0.175490526,0.239231071,0.209877311,0.248873153,0.285807963,0.155130855,0.185253498,0.204638403,0.106080753,0.12412137,0.135625073,0.150125775,0.109673168,0.099213522,0.082352957
BGD,0.221966437,0.263791182,0.225968928,0.258525246,0.250505535,0.334186258,0.31325158,0.273284824,0.303033872,0.398834239,0.422226288,0.453968343,0.455180321,0.326471417,0.422290623,0.456368324,0.411728998,0.411808024,0.427701218,0.454298399,0.409995457,0.352509293,0.414444669
BGR,1.045373078,1.011722078,0.881213087,0.858095258,0.874301911,0.9113878,0.775418532,0.84740892,0.914265786,0.897336357,0.98169361,0.969358326,0.900511979,0.935404265,0.864642501,0.863305483,1.031668392,1.069253026,1.078620114,1.06255917,0.984063401,1.063205171,1.140173804
BHR,0.244412099,0.257044554,0.172805785,0.302290107,0.277866561,0.272053987,0.229515228,0.226779993,0.216926342,0.233708315,0.332846369,0.40773777,0.388491887,0.497758095,0.430210878,0.416097989,0.30960483,0.35821556,0.511772601,0.471158188,0.549256191,0.495422709,0.369883959
BHS,0.410866224,0.290393716,0.448186302,1.06654871,0.67605178,1.296602602,0.68774853,0.426493518,0.335637755,0.369488548,0.162252627,0.282732333,0.319975447,0.232214046,0.338003374,0.271093632,0.251308261,0.246889616,0.19668667,0.176393478,0.317952435,0.08226131,0.125842169
BIH,0.739301808,0.963576948,0.757762663,0.565130378,0.744274943,0.705175363,0.617759068,0.594626725,0.585040345,0.713232798,0.674134612,0.787523592,0.695900708,0.781659536,0.68388888,0.722419986,0.753660247,0.807863708,0.869531426,0.858759793,0.814419958,0.761155785,0.826537176
BLR,0.889070793,1.053380351,0.931673026,1.130069441,1.043355695,1.008037356,1.064854556,1.036882432,1.110149526,1.181902921,0.962594249,0.942950671,1.049049923,1.100661544,1.012640367,1.063876518,1.105705209,1.084842707,1.293313821,1.000960027,1.000430702,1.102611024,1.261571253
BLZ,0.205529593,0.174458704,0.198906189,0.212586742,0.223023786,0.224373257,0.260749886,0.268133877,0.176036864,0.247923349,0.192933062,0.226493595,0.266922631,1.237638754,1.046177642,0.236085988,0.507211775,0.270167418,0.229436266,0.329996667,0.355422608,0.330486996,0.299472358
BMU,0.230517692,0.148573564,0.140978911,0.27798756,0.416932511,0.334195306,0.196441686,0.310909162,0.235038041,0.316046165,0.100444045,0.117972222,0.160701187,0.047007704,0.193775336,0.06428442,0.13317845,0.243082241,0.152969915,NaN,NaN,0.104806583,NaN
BOL,0.435165632,0.423687413,0.345141365,0.394116329,0.400295238,0.453580364,0.413358257,0.38229409,0.360158841,0.349493612,0.427651767,0.421690899,0.389435396,0.438407561,0.462262812,0.44197326,0.404658217,0.490012557,0.429655616,0.279734871,0.324342214,0.325373726,0.279566722
BRA,1.445537768,1.406252721,1.272862476,1.336273078,1.541963569,1.412171536,1.207859605,1.140623972,1.272619522,1.24288974,1.206517291,1.241007885,1.077701583,0.921894227,0.88861851,0.954832099,0.958829738,0.965802574,0.933031355,0.94152295,1.080105336,1.225333632,1.198502381
BRB,0.885624825,0.503791464,0.527744114,0.731832216,0.77080455,0.927858219,0.705271476,0.508656477,0.617500506,0.555884534,0.895797072,1.07239738,0.938462489,0.895354549,0.842863759,0.819718791,0.763939668,0.829311494,0.64383487,0.629971004,0.788736933,0.845034401,0.646044316
BRN,0.019397678,0.02519694,0.10101421,0.058850877,0.030293497,0.050001562,0.072231819,0.057957369,0.068335254,0.135271973,0.055973987,0.053078221,0.038469614,0.029794359,0.030620281,0.004569196,0.001755961,0.008279698,0.051893807,0.148765866,0.13402209,0.113024463,0.090118524
CAF,0.260640048,0.192223021,0.233262083,0.295919588,0.355854588,0.363210046,0.576199158,0.401600494,0.20234757,0.165457288,0.243693961,NaN,0.101265334,0.156877864,NaN,NaN,NaN,NaN,NaN,NaN,0.206558058,0.260603303,NaN
CAN,1.69171044,1.773089126,1.561864489,1.47592976,1.42964019,1.561017808,1.333245749,1.389978518,1.636118083,1.375301924,1.245620146,1.156674039,1.06871697,0.863206717,0.975216776,0.850483204,0.958365793,0.993159429,1.033955995,0.97460674,1.037580102,0.975378744,1.100809466
CHE,7.254309408,4.852564837,3.983142631,4.299394706,4.214768542,3.826741976,3.635273572,3.15902734,3.864967371,3.531491205,3.357245203,3.185029768,3.161454878,3.307285432,2.769990179,2.822438691,3.454577363,3.296279292,3.571423583,3.513451126,3.766355588,3.671981134,4.112882294
CHL,0.582693641,0.631716218,0.583890649,0.625607021,0.595829792,0.701664726,0.596396766,0.535678658,0.608738713,0.628960239,0.556821885,0.60854121,0.539700638,0.505115414,0.523376469,0.51684178,0.607047518,0.552783636,0.596719633,0.556418916,0.636852249,0.549136365,0.504488343
CHN,1.772281399,1.586998621,1.400340146,1.62318468,1.707392008,1.777961671,1.658079177,1.644048463,2.086154131,2.036825984,2.365744213,2.323066074,2.162650169,2.285655553,2.126953886,2.550693986,3.435646165,3.229450033,3.683753332,3.994933875,3.835020151,3.612723313,3.508984892
CIV,0.305375951,0.263890563,0.258597472,0.247406666,0.264798036,0.301732098,0.260252928,0.221571029,0.242790506,0.183030561,0.212552827,0.247506859,0.19148862,0.188468382,0.258119106,0.190352751,0.20886727,0.201078311,0.219036656,0.223979673,0.205489305,0.129079409,0.147636276
CMR,0.136847497,0.107863577,0.135933665,0.066015728,0.138359427,0.124045219,0.125656405,0.162640528,0.147512783,0.130522463,0.115663374,0.176685564,0.152007485,0.148896438,0.192891474,0.194528265,0.248532561,0.162165829,0.096571778,0.173205303,0.190497,0.16894677,0.178805784
COD,0.156668249,0.119843503,0.103636771,0.090140432,0.0923506,0.144261891,0.134803401,0.149261198,0.169522516,0.159682914,0.143375138,0.139262784,0.114598967,0.123114044,0.163766879,0.163128895,0.10312517,0.138154915,0.125262018,0.113391967,0.088217122,0.092593484,0.124723516
COG,0.048648085,0.034327444,0.055700993,0.066438572,0.069482388,0.063873613,0.086994429,0.089766382,0.081454906,0.090903883,0.116182576,0.090842259,0.071765221,0.105326581,0.073448101,0.061791284,0.073915705,0.122129843,0.074906957,0.079202172,0.07297377,0.062563677,0.072436474
COL,0.658729503,0.731179436,0.592734099,0.696066268,0.717233415,0.703531479,0.600913486,0.679890501,0.638182765,0.56680931,0.527372996,0.588181166,0.640578851,0.560809252,0.595236582,0.557643888,0.621964934,0.662813918,0.77403431,0.649344916,0.71072716,0.727608138,0.749261629
CRI,0.37884115,0.348483381,0.4184102,0.365991227,0.335879142,0.346145049,0.482367852,0.376171615,0.390524068,0.507111782,0.428787284,0.432156606,0.4022073,0.404229674,0.331388134,0.456739611,0.443771431,0.474365675,0.451901703,0.453988481,0.613855489,0.53366957,0.530245675
CUB,0.222127369,0.145106689,0.207925047,0.221901659,0.286835262,0.283040804,0.226876609,0.194720271,0.317819772,0.432177206,0.464229224,0.594193271,0.190915085,0.256916461,0.289464312,0.306314958,0.249924297,0.374380068,0.324838958,0.165983394,0.148991414,0.212284482,0.15783274
CYM,0.810518972,0.374278184,0.303343669,0.319571565,0.15256305,0.129533182,0.203019974,0.163996083,0.06538261,0.041579179,0.054200256,0.016261321,0.244901642,0.084089811,NaN,0.112448944,0.03098865,0.040335542,0.017389831,0.073918327,0.08512491,0.035884486,0.025865703
CYP,0.640501691,0.835810364,0.641378514,0.637469757,0.739539939,0.671854826,0.702629599,0.720394866,0.737978051,1.020304979,0.887271329,0.821901469,1.153726061,1.292291028,0.960963958,1.008397131,0.757701714,1.024512159,0.705984686,0.974983411,1.06511333,1.184673981,1.169614605
CZE,3.280480239,2.66689051,2.41708006,2.241199878,2.481122411,2.324972662,2.098192124,1.872321493,2.389618735,2.204227255,2.580048498,2.335710717,2.186264616,2.17962963,1.83703144,2.194941217,2.582753003,2.669559784,2.863112339,2.699044572,2.456661583,2.581956477,2.977884186
DEU,7.401989546,5.823835594,4.809191026,5.108640673,4.888945829,4.33895938,3.902897269,3.437622218,4.336746564,4.172682671,4.142543138,3.758149515,3.67299262,3.321040628,2.639052477,2.820090822,3.40150939,3.480694956,3.640078503,3.940670865,3.445510253,3.489697903,4.368269676
DMA,1.027836047,0.671667875,0.717091157,0.596296012,0.942727245,0.899627194,0.857665338,0.55964587,NaN,NaN,NaN,NaN,NaN,NaN,NaN,NaN,NaN,NaN,NaN,NaN,NaN,NaN,NaN
DNK,2.446982509,2.089407342,1.957803676,2.014387929,2.004113347,1.774233377,1.492577346,1.394292724,1.623402896,1.722681271,1.5629895,1.433000083,1.29148632,1.277348074,1.258203043,1.119309312,1.35177919,1.294429076,1.383284969,1.409558695,1.269196782,1.225151347,1.577834604
DOM,0.203808283,0.333080944,0.308530795,0.20482319,0.253265896,0.374500495,0.356840565,0.427111388,0.438762357,0.409224737,0.454829834,0.508545288,0.473711172,0.468017278,0.504249122,0.526462604,0.538129751,0.458590367,0.443551413,0.443638265,0.466349207,0.392818041,0.49783869
DZA,0.196483421,0.253116889,0.116332474,0.145894535,0.126486294,0.099451466,0.13908514,0.175040336,0.111171438,0.157104111,0.08270034,0.077714932,0.079378664,0.116330704,0.090667426,0.086039041,0.046280278,0.077776815,0.047139155,0.036233184,0.067770604,0.095836474,0.119152974
ECU,0.308973996,0.2449177,0.244568153,0.291635114,0.273938496,0.295629683,0.319023576,0.306908926,0.313728932,0.251446049,0.24204285,0.266744348,0.266544437,0.274649519,0.290485966,0.359949986,0.357713626,0.316717116,0.30780389,0.258351159,0.237734681,0.266040353,0.259759357
EGY,0.544062328,0.380085695,0.49541766,0.423827511,0.447828953,0.52562771,0.464322118,0.45099746,0.500020414,0.551125272,0.648367635,0.607890839,0.534308251,0.736123927,0.6799718,0.628140117,0.682928973,0.67868528,0.767246489,0.822495911,0.734156479,0.798067062,0.826039381
ESP,2.367027348,1.999694618,1.746658146,1.764115692,1.814087998,1.866976513,1.744902509,1.502864901,1.656695905,1.77364639,1.708233914,1.609313796,1.517060899,1.40285171,1.40080094,1.435867798,1.567803206,1.460215074,1.800249092,1.754537877,1.387745641,1.430333521,1.660361655
EST,1.072531928,0.88014795,0.791901219,0.862485952,0.75696517,0.75224345,0.916168498,0.92677063,0.879883538,0.987810061,0.950282988,0.994532652,1.124039912,0.990949986,0.930167355,1.10408757,1.25684381,1.382585168,1.47330487,1.233152911,1.15301794,1.289908408,1.476075207
ETH,0.110020983,0.1069611,0.131870613,0.122948017,0.205485239,0.223673759,0.284229304,0.257041063,0.273276749,0.262413362,0.221332294,0.274127582,0.295505195,0.271921951,0.288709527,0.315007393,0.325051004,0.264043695,0.268984175,0.274047891,0.319770854,0.28919658,0.229233248
FIN,2.932062714,2.762936479,2.119635373,2.245096283,2.697385418,2.251940602,2.082290936,2.046092199,2.321652002,2.161183878,2.282925773,1.804572003,2.120402692,1.973483582,1.588427043,1.487131704,1.882433534,1.859293644,1.820613393,1.868079522,1.743092177,1.815288743,2.182598849
FJI,0.11210222,0.113910927,0.143796445,0.113203188,0.140987622,0.231689235,0.189020509,0.321314298,0.271992036,0.27615577,0.272085628,0.38027219,0.323121617,0.280187024,0.30182016,0.337447389,0.360942197,0.402826002,0.347525813,0.41118716,0.332741557,0.462686752,0.410746751
FRA,4.394113907,3.548466248,2.773508517,2.945837623,3.300646727,2.813202353,2.684571447,2.334513723,2.822931312,2.904951132,2.546313094,2.414450856,2.273338391,2.205171718,2.01747385,2.119394858,2.128146594,2.3430335,2.545039596,2.600867386,2.035023206,2.004713347,2.243137097
FSM,0.027189586,0.047285264,NaN,NaN,0.046125135,0.059055484,0.054373676,0.07579192,0.075090161,NaN,NaN,NaN,NaN,NaN,NaN,NaN,NaN,NaN,NaN,NaN,NaN,NaN,NaN
GAB,0.026176341,0.061437393,0.032307106,0.076006814,0.079473598,0.056405516,0.059711495,0.053907883,0.06753263,0.075963697,0.058187066,0.049075692,0.051507018,0.063251888,0.071729643,0.052356445,0.048850323,0.025023647,0.032344314,0.023927897,0.048050089,0.044681001,0.052942261
GBR,4.806652398,4.332288339,3.370861998,3.528992602,3.701321136,3.361924424,2.967184987,2.871735581,3.189287328,2.988375126,3.091484578,2.78252767,2.8671817,2.666415678,2.242618525,2.302221176,2.510519775,2.662224995,2.623200761,2.522358497,2.260592977,2.655521235,2.932671726
GEO,1.34045683,0.941580569,0.630780313,0.818858722,0.685847934,0.777859521,0.845967726,0.66311212,0.669180438,0.517312945,0.425069808,0.475500167,0.332486726,0.372837121,0.473631107,0.382155974,0.377335031,0.356386036,0.442036281,0.395684133,0.426610936,0.433845583,0.386534047
GHA,0.127985607,0.137119057,0.170250352,0.162578935,0.184267044,0.187611201,0.278751438,0.161406732,0.192951249,0.20275374,0.206612137,0.209393649,0.192683436,0.217901637,0.2172468,0.197810915,0.311675767,0.168721795,0.203765481,0.154385183,0.116956505,0.118026707,0.179135475
GIN,0.081236868,0.09802692,0.079140776,0.059048522,0.07156452,0.084253275,0.077451676,0.089690406,0.067185558,0.127969835,0.088793643,0.114719157,0.074457132,0.074588697,0.069895989,0.068157075,0.058501811,0.050187826,0.088738416,0.049270158,0.048606884,0.044353448,0.065854015
GMB,0.291374464,NaN,NaN,0.264492496,NaN,NaN,NaN,NaN,NaN,NaN,NaN,NaN,NaN,NaN,NaN,NaN,0.492633122,0.360485011,0.415786777,0.255491631,NaN,0.192044044,0.106478985
GNB,0.021366446,0.028059767,0.046332241,0.041468564,0.036287366,0.030279552,0.032369749,0.072401357,0.193917378,0.047995643,0.074748148,NaN,NaN,NaN,NaN,0.057856252,0.124793667,0.040642385,0.019862958,0.019569457,0.012658549,0.039348706,0.008761577
GNQ,0.020517591,0.025039786,0.023738823,0.025050858,0.020397662,0.010932412,0.013208612,0.036835694,0.008894311,0.008169524,0.006864059,0.008533165,0.023015746,0.014621868,0.007217841,0.01213237,0.004797885,0.008089314,0.008068468,0.004353054,0.004280373,0.007878958,0.007034152
GRC,0.738751185,0.766952006,0.706233838,0.689944214,0.670422626,0.668353005,0.697074521,0.595464209,0.674793813,0.753942364,0.703092539,0.723904257,0.680503628,0.611895227,0.675316004,0.59391395,0.641751554,0.638548908,0.66769019,0.651865689,0.611543707,0.623833139,0.820121098
GRL,0.101914728,0.078133216,0.047282683,0.057274068,0.094111119,0.118852665,0.195969887,0.101727219,0.090055699,0.081312793,0.066777589,0.108602763,0.076474079,0.108154912,0.08440994,0.110222811,0.134940103,0.066551543,0.08859273,0.053566789,0.057309187,0.03902609,0.035311769
GTM,0.487072076,0.387975241,0.379390492,0.343101707,0.399668217,0.412403102,0.3768843,0.334751771,0.371432456,0.388053605,0.414495311,0.464407978,0.382616608,0.398797576,0.368792523,0.391259066,0.431159446,0.432655209,0.436341341,0.391399748,0.464511098,0.381268394,0.340188679
GUY,0.090246307,0.109183538,0.116957795,0.136263965,0.130754707,0.093471607,0.147099603,0.115282724,0.243391753,0.17858702,0.185252658,0.177631402,0.154982335,0.149442083,0.128447357,0.182937014,0.141997406,0.125188136,0.129746465,0.107723812,0.11074681,0.135833217,0.100459305
HKG,2.110860866,1.5522709,1.482517681,1.557532077,1.643313735,1.852333427,1.845025307,1.690461714,1.934015114,1.861441918,2.168506034,1.905923358,1.918699857,2.075776945,1.910557013,2.573505196,2.677764142,2.632336841,2.353599058,2.890092832,3.505452513,2.850407753,2.837965251
HND,0.274955214,0.284851906,0.375406746,0.283687672,0.265509087,0.280546761,0.261681049,0.237593317,0.283810985,0.307317517,0.282327942,0.340397222,0.357144683,0.333359923,0.366888309,0.412460643,0.392854756,0.449367776,0.366392226,0.413320602,0.345638712,0.335991237,0.337052347
HRV,1.103253966,0.87270911,0.778279994,0.80100722,0.669359125,0.832437288,0.791006343,0.736872938,0.795818466,0.866630898,1.02063422,0.957925269,0.927191795,0.871376676,0.820055374,0.875899107,0.952823236,1.007239664,1.102742167,0.95052231,0.996266572,1.08317186,1.501618452
HTI,0.299306582,0.254664964,0.243983779,0.197892678,0.145640895,0.25721284,0.215105331,0.254909764,0.210384837,0.247177607,0.218297936,0.291649902,0.21013079,0.220051854,0.228287024,0.236255577,0.24356939,0.171853831,0.210136093,0.209696256,0.190325103,0.166942444,0.2869214
HUN,1.657202189,1.375099267,1.219692731,1.22502332,1.413824769,1.468499996,1.496069395,1.43640311,1.785708448,1.766550891,1.45450513,1.633351827,1.643868307,1.482737711,1.415528059,1.707407772,1.736888196,1.833511834,1.989740481,1.931731193,1.745354265,1.613680088,1.818307499
IDN,0.761959671,0.658343398,0.623058834,0.715268158,0.868828084,0.992754091,0.911614945,0.906986032,1.203483736,1.00699965,0.909625324,1.002156235,1.053073959,1.267430032,1.14937677,0.988200544,1.141256179,1.069468202,1.30380131,1.091074581,1.294777658,1.111570642,1.439832645
IND,1.451760753,1.259632552,1.383923912,1.241898931,1.29319701,1.474931676,1.509920022,1.422502294,1.77649915,1.668966591,1.585683585,1.488737035,1.386868349,1.332851719,1.301054744,1.241260529,1.361162515,1.45953872,1.55623807,1.585292652,1.793175005,1.86875232,1.701585932
IRL,1.982750806,2.007967007,1.763137269,1.519527572,1.602731284,1.556111297,1.564019267,1.407796745,1.662173644,1.764638976,1.406813752,1.36005376,1.367214515,1.763351177,1.366062123,1.387554114,1.626040163,1.508623816,1.542124996,1.505552181,1.645544311,1.691532055,1.726248589
IRN,0.142617648,0.198361736,0.389736446,0.333968176,0.301850346,0.316456821,0.354917206,0.363243028,0.376332561,0.469417314,0.395069686,0.401995172,0.241553665,0.228567634,0.208005205,0.386894604,0.316923226,0.199069813,0.234899982,0.34365335,0.43687277,0.321689262,0.30833252
IRQ,0.029914468,NaN,0.000972623,0.004816322,0.000412082,0.000349706,0.002521332,0.010577551,0.057691112,0.046725009,0.020116482,0.004545342,0.005232016,0.009934077,0.005178405,0.002865977,0.002619093,0.006338676,0.006828854,0.004214303,0.006649254,0.007504008,0.007357221
ISL,0.309126312,0.277279134,0.310454288,0.259102765,0.445991948,0.364421204,0.371055525,0.452210641,0.402179461,0.396873296,0.34307495,0.463689618,0.457857601,0.437401845,0.374110095,0.378470107,0.468994308,0.496359984,0.413363282,0.385602129,0.283663155,0.367918808,0.39976127
ISR,2.737436295,2.145270894,2.060063238,1.658271658,2.133423591,2.019832238,1.55487943,1.743653673,2.008490561,1.855443902,2.302730075,1.938460164,1.521843129,1.479734171,1.274600202,1.506661015,1.687462031,1.968717172,1.660570995,1.887222339,1.964506831,1.915688086,2.278734065
ITA,4.333795936,2.871724099,2.789440929,2.635979094,2.642846644,2.445448375,2.225119364,2.017495963,2.583657742,2.417157877,2.346671062,2.160183721,2.17422452,2.041639927,1.784018194,1.87896651,2.447514729,2.365070603,2.289119264,2.572805492,2.262185305,2.212005458,2.679619599
JAM,0.154929423,0.26758684,0.225187895,0.217949681,0.181012527,0.266599108,0.210130523,0.250095728,0.251923161,0.282762937,0.256047482,0.320773808,0.259618128,0.22538866,0.347248055,0.473222168,0.321687911,0.369946545,0.223421343,0.265320389,0.281402001,0.291393204,0.350137912
JOR,0.740995125,0.466384613,0.526375603,0.59552663,0.506915667,0.69294299,0.630498061,0.530620827,0.476277766,0.519795725,0.570984847,0.574123786,0.580586362,0.627756176,0.487470216,0.499645184,0.548474578,0.705189838,0.700961548,0.685646241,0.655705784,0.465822406,0.57922404
JPN,9.494769712,7.266358535,6.071672994,5.862602711,5.893081947,6.115695997,5.09241929,4.373532803,6.055955858,5.091130672,5.889662883,5.3493268,5.151050691,4.833921928,3.742968988,4.252320236,4.868748809,5.931066625,5.634255287,5.426949564,7.12101745,6.624773213,7.290376866
KAZ,0.580451538,1.006706981,0.740707085,0.578561224,0.525726443,0.67872082,0.663232828,0.466935849,0.531565025,0.527453673,0.49696109,0.505358251,0.479171897,0.496894034,0.474761992,0.391329224,0.489404872,0.689502641,0.412278508,0.528081338,0.546684388,0.53374174,0.533466271
KEN,0.383467068,0.357563937,0.40430358,0.334614571,0.456790173,0.357078566,0.368603512,0.395354513,0.428251949,0.469995998,0.478655483,0.534856572,0.446980124,0.393775736,0.451068962,0.457576558,0.412203614,0.463473587,0.444492458,0.413064158,0.345496923,0.327696224,0.388353908
KGZ,0.541177746,0.856400678,0.572737853,0.434694928,0.425499862,0.700547137,0.530909065,0.561992404,0.639070911,0.551423047,0.548797225,0.614485229,0.438580766,0.488984877,0.560780282,0.425900683,0.428659142,0.594231516,0.56778801,0.39600555,0.591622773,0.553954222,0.584667708
KHM,0.109816647,0.131071544,0.134938783,0.103300731,0.110909125,0.182640967,0.16734173,0.222287653,0.233771271,0.24040054,0.233829583,0.295759491,0.267243892,0.244908572,0.298981757,0.325934257,0.328907427,0.380052701,0.479255417,0.505351999,0.582839807,0.423057044,0.624590137
KOR,2.379696459,2.026617487,1.627772723,1.512028614,1.628733438,1.830804461,1.794419597,1.597239584,2.149617441,2.077182088,2.311188598,2.416735239,2.636028997,2.643585662,2.272568162,2.784678711,3.174636378,3.833604721,4.083886085,3.849109508,4.163391937,3.899461646,4.646031901
KWT,0.052637077,0.030353533,0.020594732,0.103427358,0.075833954,0.083601209,0.073757601,0.064631092,0.059649711,0.101538878,0.125120483,0.072809266,0.073451321,0.053429865,0.064353458,0.039697189,0.018153091,0.020518444,0.106045934,0.130194127,0.206478022,0.141005287,0.211747147
LAO,0.138908945,0.255398341,0.335607333,0.142010299,0.163856333,0.211542144,0.212682633,0.242782714,0.291493663,0.352801849,0.293485027,0.309952901,0.32083014,0.275358614,0.275775949,0.290520815,0.318116654,0.30693071,0.291542369,0.341214892,0.387935384,0.26973157,0.348151789
LBN,0.575581463,0.628428599,0.71642594,0.772341293,0.824813279,0.735360567,0.715078005,0.7720718,0.725569148,0.812871605,0.941071469,0.912113174,0.834058462,0.900539784,0.62445755,0.637175406,0.742957648,0.792226947,0.797876939,0.762128135,0.678670387,0.667913339,0.721937587
LBR,0.135851084,0.062049942,0.044822881,0.041142307,0.092277163,0.062932239,0.056149078,0.14262668,0.076054116,0.05948365,0.073040271,0.038831481,0.061137702,0.097376845,0.069995423,0.050518977,0.161075087,0.076140982,0.098055811,0.032344805,0.04076264,0.059367264,0.060633033
LBY,0.066983097,0.041989865,0.046090267,0.080148471,0.073557393,0.051278249,0.043459937,0.033954915,0.049756075,0.028220278,0.041254005,0.0249841,0.043600871,0.026679851,0.035705328,0.030157388,0.01287309,0.002364117,0.012808726,0.023690841,0.024989903,0.018942229,0.022094823
LCA,0.480261944,0.260743655,0.391550834,0.24373464,0.296418373,0.345084216,0.320003786,0.384243345,0.40502623,0.453103908,0.559538718,0.654057456,NaN,0.591977702,0.159183558,NaN,NaN,NaN,NaN,0.620135062,0.578179527,0.52188387,NaN
LKA,0.455591322,0.508406736,0.420251318,0.459855845,0.451274697,0.53720095,0.557791028,0.512195115,0.560005286,0.580020469,0.594900915,0.63567214,0.548011755,0.544377781,0.541807234,0.674177883,0.683670588,0.680980513,0.684063092,0.659862705,0.557473713,0.549198224,0.668776397
LTU,0.790925118,0.826158907,0.801176116,0.722819766,0.730516539,0.618176203,0.593213666,0.60504898,0.638587815,0.786622916,0.819145831,0.712576947,0.784129719,0.866986711,0.81904904,0.91907491,1.036919114,1.022643649,1.064569846,1.218368594,1.120984331,0.996063472,1.317521042
LVA,0.73955506,0.647012823,0.612583776,0.692652912,0.679732916,0.705461691,0.782073093,0.735459965,0.914926974,0.924296659,0.911316002,0.902121556,0.813935383,0.948142127,0.865161867,0.905379563,0.964744571,0.994620343,1.011457828,1.08486394,1.041613325,0.956372825,1.10437633
MAC,0.744479771,0.609265071,0.675592469,0.43998769,0.538217001,0.634032814,0.563671332,0.640934538,0.773648147,0.877276039,0.793207823,0.740295972,1.009604615,1.091833356,1.170651231,1.268862901,1.605469491,1.288213966,1.220446962,1.468794249,1.166609549,0.956028303,0.866091833
MAR,0.404395576,0.408738772,0.465288917,0.361858636,0.397471134,0.406579082,0.332004697,0.374010388,0.440329907,0.525039152,0.58198251,0.572592521,0.583241602,0.630202881,0.683499695,0.637982847,0.717955748,0.5509087,0.673904418,0.630228631,0.404194464,0.375166306,0.430796267
MDA,0.734412773,0.566040139,0.558763841,0.412232987,0.420580665,0.567996819,0.496245562,0.465109492,0.502147221,0.522191506,0.56809363,0.601533754,0.582001874,0.730312499,0.594508649,0.624670036,0.702390584,0.746847404,0.691922872,0.561996489,0.561516723,0.51597511,0.608398515
MDG,0.256622817,0.259182008,0.287736663,0.31426402,0.281811811,0.373354884,0.33829791,0.358333641,0.290998088,0.34411879,0.363235138,0.375463121,0.393131076,0.333802861,0.424337693,0.481929105,0.415391335,0.42102508,0.427008867,0.36445103,0.358282574,0.338225398,0.364651188
MDV,0.047862075,0.099078974,0.071216757,0.066237126,0.109886758,0.08138691,0.103906545,0.10491017,0.085547507,0.175458311,0.131374347,0.091633436,0.125393214,0.197596928,0.08916729,NaN,0.05903065,0.057403963,0.148501807,NaN,0.061150351,0.03288724,0.023184176
MEX,1.523079056,1.315841853,1.217237078,1.332185497,1.3297355,1.682150066,1.314440124,1.358560479,1.509524547,1.566062462,1.538017797,1.597224555,1.480251871,1.347765579,1.076115272,1.294964434,1.231215327,1.447051339,1.630956653,1.603454339,1.593467976,1.338211913,1.508665839
MKD,0.934617683,0.776817484,0.691479458,0.593536682,0.585089482,0.559490903,0.45832888,0.527890917,0.508327921,0.513499903,0.522989959,0.482327067,0.430495012,0.450864514,0.51021819,0.481695719,0.535897488,0.557162222,0.618337058,0.593888854,0.536371182,0.64463203,0.609730235
MLI,0.229610052,0.21360428,0.198039417,0.154535222,0.204358034,0.217500702,0.250439651,0.214504109,0.177463807,0.210400957,0.171486027,0.169473649,0.187887098,0.192333282,0.260379231,0.231281459,0.227526331,0.211338383,0.112692128,0.064434986,0.066384709,0.171364048,0.251340349
MLT,0.807828784,0.954809704,0.662468741,0.704137606,0.831140959,0.770924772,0.889300485,0.811455626,0.749121836,0.937343211,1.124037399,1.084820857,0.912558147,0.783216298,0.935298147,0.972169114,1.216163604,0.833901623,0.764308507,0.970576388,0.650897532,0.673601084,0.844222144
MMR,0.158704012,0.151421123,0.175677071,0.155229752,0.178564625,0.200792924,0.158547936,0.152412424,0.17512857,0.217612494,0.178945056,0.226047485,0.221438312,0.220336264,0.216683713,0.257041145,0.239885838,0.251827617,0.246467966,0.281056896,0.277759789,0.314321321,0.457437378
MNG,0.220815997,0.352830408,0.350477731,0.314992846,0.339137656,0.325652284,0.341666477,0.336504853,0.309142508,0.355066166,0.352064476,0.303472549,0.251287101,0.338215826,0.335242571,0.304044655,0.245693506,0.234808505,0.242816922,0.25305971,0.300029909,0.258722931,0.287931828
MOZ,0.223748145,0.155227304,0.163975126,0.243577804,0.263434287,0.303764053,0.169433844,0.194532054,0.231398548,0.150871716,0.145005432,0.183411699,0.189077179,0.164698487,0.24128412,0.231233833,0.254091371,0.17829151,0.196319702,0.208840015,0.230321436,0.206795292,0.217350303
MRT,0.015302444,0.040593268,0.032431033,0.026232337,0.03973018,0.040885178,0.047145609,0.071949492,0.054127484,0.031990336,0.036409989,0.034261669,0.026681219,0.042870363,0.042776355,0.061564197,0.056970351,0.048256371,0.026811874,0.055662314,0.046988702,0.061129594,0.045444495
MUS,0.403937881,0.36298917,0.342968188,0.338537279,0.409420723,0.600461109,0.56447908,0.558029655,0.710308556,0.730953356,0.618430243,0.666282863,0.578755219,0.598874006,0.654477031,0.731956622,0.797438508,0.77092558,0.810360164,0.7754711,0.608268181,0.603868478,0.531749422
MWI,0.185509517,0.188252767,0.166023614,0.120341404,0.12219062,0.20325178,0.151583981,0.122484461,0.162669911,0.154248267,0.188103857,0.199352248,0.17832884,0.175993238,0.245988528,0.245694687,0.232011685,0.168459638,0.263944046,0.304034,0.294090004,0.104302466,0.190314296
MYS,1.518372963,1.515668889,1.209747211,1.262342964,1.494385251,1.497902416,1.427948856,1.130395725,1.401837704,1.608519788,1.471072866,1.278594396,1.545510231,1.370910444,1.464554127,1.529417823,1.737501101,2.041998395,2.068975868,1.830334042,2.461322388,2.571710438,2.493442962
NCL,0.056349525,0.033538151,0.077196365,0.056720567,0.173913641,0.166012395,0.123671814,0.105465784,0.105421954,0.112423324,0.164328655,0.119945045,0.101104785,0.091327082,1.525743109,0.152453062,0.118973696,0.131715558,0.170567213,0.116660183,0.106189246,0.074151236,0.10027873
NER,0.427873389,0.227036396,0.302772452,0.239587941,0.233887914,0.300760068,0.380607169,0.375244046,0.302305903,0.308257269,0.355377571,0.319475572,0.319857491,0.184107585,0.18032071,0.194394108,0.178769017,0.149372242,0.122755013,0.183030468,0.138423705,0.209968768,0.108633015
NFK,0.003911887,NaN,NaN,NaN,NaN,NaN,NaN,NaN,NaN,NaN,NaN,NaN,NaN,NaN,NaN,NaN,NaN,NaN,NaN,NaN,NaN,NaN,NaN
NGA,0.064812917,0.131211574,0.079351969,0.124909218,0.096497226,0.089568456,0.090525288,0.115692453,0.100072309,0.100832896,0.062728308,0.06955644,0.086467715,0.120388008,0.183720698,0.146909765,0.100962739,0.141063156,0.149879312,0.152123088,0.057442615,0.087772769,0.083954502
NIC,0.382644771,0.255384546,0.262855713,0.23407021,0.312195413,0.284401844,0.209716318,0.235854876,0.21169745,0.264854624,0.173246343,0.21840969,0.185192282,0.225454062,0.232598321,0.263061848,0.253838624,0.294629801,0.272538744,0.23546535,0.227944241,0.233323074,0.232153462
NLD,3.115874905,2.640069003,2.712144691,2.331022319,2.341493491,2.206377128,1.992768143,1.880149118,2.169115733,1.961241096,2.270794511,1.931638765,1.708728917,1.757560522,1.564570874,1.725385526,1.672032841,1.869416483,2.008463556,1.920458021,2.111085323,2.187324572,2.21455332
NOR,1.465495835,1.554972667,0.92450883,1.120151063,1.148371299,1.014275746,0.934622218,1.012059397,1.211651521,1.342401339,1.11372599,1.21322434,1.081328911,0.81418004,0.780850355,0.887957318,0.863144169,0.865513664,0.904732349,0.976111444,0.939863268,1.177921579,0.99977404
NPL,0.290317376,0.319190956,0.454388287,0.422557741,0.44947471,0.522071486,0.544821461,0.617528201,0.769224633,0.696874688,0.704400711,0.837632515,0.760720103,0.740355345,0.856102745,0.887088429,1.000336137,0.780372645,0.852687471,0.821080789,0.804641205,0.759135675,0.878753876
NZL,0.955226426,0.852965493,0.909176584,0.93381811,1.035163108,0.951328835,0.74535651,0.839747021,0.859451421,0.880961514,1.005357621,0.862787199,0.799430385,0.792855905,0.620460589,0.63589248,0.745613344,0.800122855,0.644638638,0.667586408,0.687865984,0.699658741,0.764828312
OMN,0.237939307,0.313071885,0.301064712,0.330608074,0.283666817,0.248548558,0.273391667,0.248590625,0.232163176,0.340458797,0.282943599,0.281215861,0.245667196,0.245366554,0.198095674,0.262533196,0.296834436,0.254664361,0.236187922,0.233188812,0.26245938,0.337274012,0.321834789
PAK,0.426017991,0.385673428,0.374432379,0.387857371,0.348252227,0.462360473,0.422682394,0.371740141,0.542898255,0.550890299,0.647007685,0.652637564,0.638194089,0.64682601,0.56859665,0.59057182,0.677743062,0.72483939,0.647960295,0.653995791,0.672989782,0.562926623,0.673169739
PAN,1.219484743,0.608890954,0.879843636,0.826529656,1.07546309,0.987246894,0.964542091,0.843794509,1.003866721,0.969201199,1.026342032,1.272689171,1.271869494,1.447414188,1.387132255,1.681715407,2.104553804,2.609229386,1.30144525,1.664240285,2.041209375,1.782425702,0.764146541
PER,0.578175681,0.566371447,0.520528009,0.508902593,0.552659933,0.607227513,0.527569435,0.42845449,0.444771629,0.485205738,0.496885179,0.528980233,0.516940403,0.491389789,0.5208776,0.523459257,0.648890988,0.629026014,0.545148721,0.543317765,0.517878748,0.50538483,0.486115392
PHL,0.804647967,0.74119579,0.597934035,0.674782091,0.677819342,0.868629269,1.011555672,0.937561004,1.00528794,0.967486362,1.081641567,1.09955601,1.065777232,0.925001254,1.019796148,1.159451887,1.274112539,1.964201941,1.448231534,2.353119204,3.183599371,2.515283171,1.743518853
PNG,0.06909205,0.069003524,0.049826915,0.097677813,0.071022051,0.104978078,0.131066829,0.114542161,0.117468546,0.091664455,0.067519893,0.09183667,0.071036209,0.105964605,0.099848706,0.091848682,0.110529731,0.096085221,0.071422316,0.083567725,0.059840918,0.065422544,0.092652553
POL,1.331871164,1.189044579,1.125496868,1.280504612,1.345526425,1.242993609,1.245486522,1.20013505,1.310440589,1.410649156,1.365966866,1.372077554,1.378421024,1.370513913,1.241628295,1.296592707,1.459971917,1.416541271,1.492475518,1.55732327,1.419437248,1.46808028,1.775622967
PRK,1.089595918,1.359124467,1.068790593,1.293919285,1.260957906,1.575153307,1.296123774,1.104171402,1.259938134,1.230881561,1.429786487,1.275544382,1.330684109,1.265798949,0.946763021,1.026643607,0.645040673,0.724925588,0.735745907,0.775747572,0.744677248,0.502940186,0.704509911
PRT,1.092977995,1.063574388,1.037575603,1.178960872,1.090256793,1.171727759,0.974941329,0.954350482,1.063051978,1.044670868,1.20778234,1.125809861,1.104203374,1.029638757,1.01560876,1.146472318,1.331877914,1.356418065,1.249033658,1.380895627,1.246945287,1.187232727,1.291498753
PRY,0.524903374,0.390941519,0.343850545,0.425442269,0.354641071,0.317536433,0.321460736,0.337594858,0.256407508,0.341680437,0.348150847,0.399151719,0.322957111,0.400478432,0.391000571,0.395382073,0.411366682,0.446799275,0.468674873,0.375031067,0.444997625,0.336620207,0.409001595
QAT,0.042426125,0.048465895,0.024129361,0.064845668,0.06144709,0.120710749,0.069463352,0.091277539,0.113827473,0.121947545,0.105160884,0.08665934,0.128184383,0.150483139,0.073908688,0.084974904,0.08697917,0.030345081,0.069630451,0.114272822,0.23316428,0.145843139,0.065543241
ROU,1.263986819,1.019498104,0.815079735,0.735029769,0.764013239,0.756307173,0.748583456,0.743752009,0.861137015,0.932412331,0.993327797,1.136830604,1.06629801,1.091171576,1.010043358,1.127729706,1.233553835,1.331113041,1.388808533,1.345305515,1.349911145,1.403712329,1.567132804
RUS,0.905646896,1.34142111,1.297226149,1.395238612,1.332430756,1.528858695,1.25786894,1.23242503,1.4000248,1.167888954,0.982523575,1.18851661,1.260821693,1.362770162,1.255868195,1.356081346,0.88702624,0.977425238,0.892020337,0.852449322,0.983672055,0.947342464,0.966057179
SAU,0.483651852,0.311606856,0.107613887,0.495180652,0.145703966,0.279677635,0.385790741,0.155304917,0.327438376,0.395191938,0.340716908,0.256994677,0.235808179,0.125204429,0.075135289,0.162212879,0.049856777,0.087829585,0.100707101,0.436358369,0.653977045,0.439953904,0.216490921
SCG,1.373960964,1.048463032,0.894531648,0.736702905,1.01587404,0.984585378,0.781303292,0.820081421,0.862906555,0.878944995,0.794179158,NaN,NaN,NaN,NaN,NaN,NaN,NaN,NaN,NaN,NaN,NaN,NaN
SDN,0.167042715,0.134919328,0.157207657,0.14377102,0.157787964,0.129275323,0.114682385,0.143162773,0.10992303,0.107117021,0.071845293,0.058938697,0.058669062,0.065141429,0.045349016,0.065119929,0.06108779,0.153329008,0.120340926,0.130017903,0.160840196,0.113389407,0.120135875
SEN,0.202880625,0.472731002,0.370124038,0.397114423,0.38751369,0.41601128,0.366276846,0.33728222,0.398714236,0.436634852,0.454265803,0.461713075,0.479340998,0.345550602,0.403351526,0.365804737,0.268086347,0.301345343,0.334109368,0.40618972,0.291336987,0.333302537,0.318765386
SGP,1.718027044,1.402285573,1.332570393,1.527469121,2.051946203,2.099513242,1.726150373,1.785034632,2.318225256,2.601745967,2.464218238,2.172444633,2.364517791,2.808728724,2.15662631,2.200286433,2.663961939,2.535305269,2.648386826,2.779332413,3.661029777,3.120448065,2.799078333
SLB,0.052409462,0.053568635,0.033040673,0.061027351,0.04603778,0.107995451,0.258823349,0.1520253,0.081804784,0.060874817,0.058800234,NaN,0.058898024,0.056059419,0.075851902,0.103388053,0.082006387,0.084049929,0.063430703,0.072246117,0.090073671,0.05176862,0.057396283
SLE,0.459753435,0.736406225,0.607954959,NaN,0.901245956,0.756909281,1.115379585,0.961910696,0.862174099,0.952296673,NaN,0.719164386,0.484189352,0.558340092,0.517343422,0.546303815,0.330130232,0.237977899,0.156486016,0.103192326,0.486891504,0.243235793,0.243582215
SLV,0.575401601,0.451777115,0.435661568,0.46503943,0.415228276,0.458354076,0.440076122,0.478378383,0.55717973,0.634763539,0.527667291,0.559491362,0.494817883,0.527089143,0.499390045,0.556979249,0.549906053,0.664662981,0.731166771,0.697914285,0.670514673,0.839880052,0.855564152
SOM,0.052854686,0.080656775,NaN,0.10954805,NaN,0.222437207,NaN,0.386273882,0.261828069,0.319404388,0.133303813,0.168325823,0.341499271,0.137814958,0.171942257,0.100908719,0.076423907,0.084178174,0.099686307,0.052478358,0.052161124,0.072968992,0.075457985
SUR,0.132406624,0.110564436,0.111279787,0.080360895,0.150073992,0.24954372,0.18819903,0.139850838,0.162920516,0.141539802,0.180962826,0.21497305,0.181484183,0.139052266,0.143012643,0.10159107,0.19212568,0.164748647,0.126260874,0.099269053,0.058473813,0.106017236,0.084060988
SVK,2.079643377,1.586076595,1.46839918,1.398802171,1.290180724,1.51540893,1.192985918,1.214105047,1.354195508,1.364206653,1.527617784,1.491119914,1.378994016,1.363086776,1.189806916,1.313279217,1.433299112,1.536298662,1.59129895,1.524297987,1.500974548,1.316441563,1.82308323
SVN,2.523171592,2.099161792,2.098344352,1.888934889,1.974203529,1.743650244,1.675939113,1.615491547,2.165604242,2.130531051,2.230555267,2.109996966,1.890634638,1.774537108,1.456669477,1.561759226,2.115199131,1.867031144,1.915609634,2.111287055,1.970040485,1.85075922,2.024048341
SWE,4.310356262,3.919684266,3.074734377,2.88315768,3.193704452,3.076781338,2.762716337,2.615442307,2.886446233,2.797347035,2.467916718,2.587854449,2.545678729,2.393178547,1.908082806,2.084182644,2.555659849,2.533025689,2.635263591,2.598962447,2.095074265,2.269635667,2.806847959
SYC,0.240883654,0.250425578,0.209867513,0.3009885,0.141029373,0.123048436,0.157991875,0.056708489,0.100643233,0.205497769,0.260642326,0.147477699,0.11643205,0.292790563,0.167012312,0.273568539,0.219412729,0.275954547,0.253303965,0.365009713,0.397127968,0.270317627,0.425211816
SYR,0.260266459,0.264225929,0.192802912,0.274746725,0.291620118,0.268226771,0.304859018,0.359664723,0.463134199,0.530803028,0.524054569,0.533106911,0.537658474,0.602473054,0.660142074,0.638295248,0.629432806,0.772383709,0.852599945,0.684942068,0.523575066,0.508266082,0.542587788
TCD,0.07120655,0.056490156,0.086270865,0.022608597,0.113589982,0.129716949,0.154550239,0.231825188,0.131591739,0.018089815,0.007459982,0.006973547,0.009711387,0.009838979,0.022738851,0.092945998,0.014322199,0.014111541,0.026796484,0.017625241,0.008313347,0.017402077,0.031531843
TGO,0.193927831,0.229326248,0.243607911,0.214515748,0.275953935,0.299438145,0.246315903,0.276627418,0.414971902,0.339245517,0.398853997,0.33107585,0.316634983,0.262055206,0.360154766,0.276287919,0.252688245,0.264582233,0.251744992,0.269091075,0.27053531,0.250839068,0.232450529
THA,1.503947162,1.247916889,1.02628943,1.166200966,1.28703019,1.467336198,1.390478866,1.266668385,1.289116643,1.396683862,1.530639439,1.414614509,1.56139898,1.628404633,1.312233665,1.570670526,1.730764852,1.86279439,1.951496536,2.008917682,2.48826291,2.470972775,2.249082629
TJK,0.303633813,0.413345698,0.403542771,0.322035148,0.308053459,0.312803003,0.31366861,0.323402294,0.22994828,0.325343298,0.287049823,0.238826888,0.175866039,0.235582396,0.214582672,0.370084031,0.285181333,0.217616001,0.249165356,0.291395012,0.195667756,0.329834433,0.216315275
TKM,0.102084115,0.161888119,0.18539916,0.282085428,0.197654125,0.174980662,0.109387702,0.138750359,0.132510112,0.133811973,0.15247807,0.1421429,0.105841848,0.139566753,0.193386596,0.208658983,0.129031852,0.09790078,0.108623292,0.102767284,0.096377381,0.128926434,0.114568675
TTO,0.346551273,0.342369756,0.446534029,0.298450607,0.324071327,0.29933258,0.28725203,0.25597134,0.232767975,0.195119135,0.19082922,0.180427158,0.147663866,0.194286664,0.144796548,0.162333741,0.103608653,0.08637484,0.103047211,0.096844019,0.128600683,0.188673027,0.140500311
TUN,0.498108784,0.512866193,0.537485737,0.587879628,0.510072687,0.625573723,0.531156126,0.548274722,0.621412524,0.765438657,0.929271799,0.83405459,0.815090066,0.811912616,0.856592553,0.943088742,0.909480241,0.950581982,0.953133541,1.017193306,0.91312117,0.862332993,0.973109809
TUR,0.846914108,0.847516382,0.726535143,0.743222228,0.751520591,0.820612391,0.801213351,0.647720322,0.788831471,0.831474994,0.970825497,0.978927494,0.920359247,0.98185623,0.834530646,0.961092197,1.043230851,1.123372158,1.273037487,1.2371613,1.090751456,1.108475926,1.265315428
TZA,0.201908849,0.168926343,0.209809388,0.299571138,0.310217186,0.21296462,0.287393963,0.240711479,0.235284903,0.286579754,0.255290457,0.36284828,0.332460532,0.393697997,0.325331071,0.343689605,0.339793661,0.3452629,0.279567324,0.249361039,0.247394594,0.262993523,0.258569098
UGA,0.243104437,0.2291039,0.202858733,0.169045437,0.140460062,0.24112918,0.279877017,0.237369009,0.201672234,0.254657356,0.269616315,0.240929264,0.258818312,0.2571421,0.358032504,0.357054722,0.287274837,0.315744164,0.324445393,0.334087253,0.329215866,0.337704404,0.323710419
UKR,0.960344187,1.274220673,0.948805308,0.973044783,0.989298801,0.87719866,1.041431948,1.174464099,1.170515318,1.059612506,0.874717566,0.851018741,0.996203791,0.865879836,1.037501284,1.227441259,0.896246852,0.926306254,1.024343724,0.926096379,0.888430253,0.94358569,0.982073473
URY,0.878477195,0.734174551,0.640332597,0.630447949,0.693785248,0.66841752,0.684024771,0.659148796,0.656451452,0.773662744,0.850656806,0.759153948,0.713417713,0.755742039,0.734135319,0.760818478,0.744993578,0.684511452,0.721395753,0.670614276,0.68032388,0.636613231,0.673137261
USA,5.052449923,4.351054609,3.65057133,3.571259926,3.626415031,4.038001427,3.260968551,3.006236277,3.363298893,3.177709055,3.400056809,3.254116193,2.507681093,2.525915508,2.140206322,2.453740805,2.85404894,3.705044244,3.02362177,2.917484938,2.990155823,3.009297663,3.710882388
UZB,0.194635025,0.373498385,0.320341617,0.40479512,0.400509168,0.418745187,0.418492173,0.470170759,0.403662193,0.405753157,0.499282948,0.390608534,0.424774826,0.400181546,0.403270488,0.41560371,0.404504982,0.467376137,0.437584208,0.495787665,0.420334925,0.452434275,0.552419129
VCT,0.152468886,0.244210638,0.332427605,0.35246136,0.18113305,0.459637087,0.146185315,0.195286689,0.215612782,0.134864906,0.138536836,0.155127409,0.214063819,0.123125651,0.332762419,0.301487295,NaN,NaN,NaN,NaN,NaN,0.19636109,0.271531757
VEN,0.546491617,0.338063505,0.44543848,0.45071831,0.357464059,0.351693439,0.386038668,0.29699616,0.376620734,0.270020944,0.217871667,0.180082599,0.17846989,0.131252703,0.166667026,0.114907299,0.13585139,0.034863814,0.057616731,0.092320469,0.10481303,0.115949333,0.088389579
VGB,0.67975019,0.379034984,0.489942903,1.02882945,0.781405509,1.594710372,0.858124843,0.738670191,0.511505339,0.392106744,0.398347356,0.910340927,0.71704722,0.615919781,0.636731514,0.455086737,0.44877719,0.415876175,0.446700286,0.762142778,0.517308313,0.451748507,0.760107821
VNM,0.419081271,0.454721357,0.495337468,0.516993395,0.467141173,0.623245396,0.607646652,0.679206036,0.697871133,0.819167019,0.83110305,0.902249976,0.837627886,0.762477414,0.886637822,1.035487114,1.082006031,1.141608167,1.073848887,1.062845455,1.245350856,1.195173925,1.327039681
WSM,0.112709402,0.098949716,0.116375926,0.09201226,NaN,NaN,0.219951087,NaN,0.282758601,NaN,NaN,NaN,0.152486764,NaN,NaN,NaN,NaN,NaN,NaN,NaN,NaN,NaN,NaN
YEM,0.030000865,0.032485267,0.014425911,0.075745316,0.046658213,0.076005799,0.081472846,0.102858233,0.071638315,0.10083572,0.080277872,0.087395373,0.081579513,0.083970794,0.178414085,0.122609416,0.12210686,0.0938748,0.09147477,0.104051159,0.150380643,0.056624629,0.070747927
ZAF,0.956604795,0.813008535,0.781797756,0.762277518,0.959250617,0.992864308,0.891269079,0.756334582,0.831689797,0.983824225,0.858648245,0.905360882,0.806194621,0.793803159,0.860470079,0.687278457,0.882077631,0.964215873,0.858089837,0.874310999,0.701162924,0.685665278,0.846597388
ZMB,0.416687169,0.243572623,0.396195127,0.407770611,0.391065305,0.33129555,0.299171997,0.420044911,0.316415632,0.328346311,0.263237221,0.33694334,0.319446145,0.256566627,0.309161453,0.292469244,0.246322664,0.271851799,0.315775411,0.287065297,0.289241617,0.120334271,0.292608657
ZWE,0.513856352,0.388479032,0.335670925,0.369443745,0.412008497,0.448943132,0.361670342,0.363956142,0.418712262,0.448195785,0.37622533,0.402345481,0.37280292,0.524155852,0.399026655,0.344525387,0.270526424,0.252573093,0.249959492,0.276302524,0.22757118,0.234544816,0.264345439
ARM,NaN,0.940180503,1.380766115,1.307488754,0.992372516,1.045114704,0.898261671,0.777386902,0.601747324,0.584483817,0.479406853,0.496806278,0.700938297,0.721173235,0.660014821,0.485952065,0.658845283,0.710813072,0.455820032,0.356536614,0.558879331,0.460813659,0.46432338
FLK,NaN,0.190901496,0.236539814,0.202460985,0.152203821,0.097989702,0.074374337,0.018592123,0.054020988,0.038915481,0.01737824,0.050011367,0.03813135,0.048265578,0.067081028,0.037744111,0.045346187,0.032835691,0.024899384,0.050459308,0.038576929,0.014343668,0.037094759
GIB,NaN,0.816315763,0.510712306,0.480526326,0.431057203,NaN,0.562659522,0.629477415,0.487779963,0.317230581,0.278873154,0.38590558,0.341712297,0.402072925,0.190254849,0.175091666,0.23789312,0.108681854,0.075727499,0.043396773,0.067225373,0.219207057,0.139684108
PYF,NaN,1.329296639,0.574687048,0.660008805,0.824055889,0.297885181,0.379520737,0.359243122,0.405149689,0.181657916,0.140787831,0.217957392,0.125113286,0.252958631,0.24662451,0.159096369,0.253505486,0.211603336,0.161552277,0.255751638,0.191633434,0.16542041,NaN
RWA,NaN,0.29053878,0.20157222,0.147354183,0.16111327,NaN,0.164233479,0.183080079,0.189512964,0.15041191,0.221559202,0.33419857,0.275881685,0.270791226,0.472003395,0.357948412,0.26174113,0.218497685,0.31012842,0.300504022,0.264309374,0.301039051,0.237443128
ATG,NaN,NaN,0.450813582,NaN,NaN,0.371354734,0.272242345,0.274988163,0.219322172,0.331387479,0.263622836,0.149554331,0.470725926,0.822565295,1.361989262,1.5288126,0.494234724,1.168373051,0.263827048,0.378920666,0.28476351,0.276555908,0.36828966
CPV,NaN,NaN,0.413965028,NaN,NaN,NaN,NaN,NaN,NaN,NaN,0.403430994,0.474284001,NaN,NaN,NaN,NaN,NaN,NaN,NaN,0.251164494,NaN,NaN,NaN
KNA,NaN,NaN,0.422300382,NaN,NaN,0.476683027,0.426829911,0.5880661,0.345175377,NaN,NaN,NaN,NaN,NaN,NaN,NaN,NaN,NaN,NaN,NaN,NaN,NaN,NaN
VUT,NaN,NaN,0.067037307,0.059814242,0.125541159,0.123217564,NaN,NaN,NaN,0.09349093,0.097493168,0.152367994,0.107931972,0.07982124,0.139266294,0.140146543,0.097974079,0.085761363,0.16240285,0.084834681,NaN,0.044137593,0.059344092
BTN,NaN,NaN,NaN,0.256914333,0.298303171,NaN,NaN,NaN,NaN,NaN,0.409446991,0.374215387,0.331437412,0.245639303,0.398427773,0.489965888,0.362993636,0.436345023,NaN,NaN,0.221346695,NaN,0.21177296
GRD,NaN,NaN,NaN,0.235066269,NaN,0.409901106,0.38988117,NaN,NaN,NaN,NaN,NaN,NaN,NaN,NaN,NaN,NaN,NaN,NaN,NaN,NaN,NaN,NaN
MHL,NaN,NaN,NaN,0.042579483,NaN,NaN,0.052354191,0.02812816,0.044819411,0.069620009,0.01634598,0.045426338,0.044267979,0.017043673,0.029046951,0.08585647,0.051192338,0.023415629,0.035405199,0.061417812,0.065295777,0.080467131,0.114232936
GUM,NaN,NaN,NaN,NaN,NaN,0.065827203,NaN,NaN,NaN,NaN,NaN,NaN,NaN,NaN,NaN,NaN,NaN,NaN,NaN,NaN,NaN,NaN,NaN
TUV,NaN,NaN,NaN,NaN,NaN,NaN,0.560073512,0.509707103,NaN,NaN,NaN,NaN,NaN,NaN,NaN,NaN,NaN,NaN,NaN,NaN,NaN,NaN,NaN
COM,NaN,NaN,NaN,NaN,NaN,NaN,NaN,0.115868811,NaN,NaN,NaN,NaN,NaN,NaN,NaN,NaN,NaN,NaN,NaN,NaN,NaN,NaN,NaN
DJI,NaN,NaN,NaN,NaN,NaN,NaN,NaN,0.561647635,NaN,NaN,NaN,0.432198303,0.133295241,0.136416977,0.307842783,NaN,NaN,NaN,NaN,NaN,NaN,NaN,NaN
PSE,NaN,NaN,NaN,NaN,NaN,NaN,NaN,0.579297064,0.884828743,NaN,NaN,NaN,0.595514417,0.67597864,0.585624206,0.512468045,0.713642217,0.672132005,0.589153463,0.583499515,0.587778602,0.545378927,NaN
TLS,NaN,NaN,NaN,NaN,NaN,NaN,NaN,NaN,NaN,1.14694263,0.389008227,NaN,NaN,0.214088296,NaN,NaN,NaN,0.023153438,0.147621779,NaN,0.026457318,NaN,NaN
SRB,NaN,NaN,NaN,NaN,NaN,NaN,NaN,NaN,NaN,NaN,0.838557496,0.778262804,0.754621901,0.761677957,0.721204982,0.715832239,0.802232579,0.788155706,0.890944982,0.780313177,0.861813476,0.785568522,0.908293675
MNE,NaN,NaN,NaN,NaN,NaN,NaN,NaN,NaN,NaN,NaN,NaN,0.436965948,0.523466731,0.437527361,0.513137757,0.51274668,0.535622696,0.466429268,0.42237017,0.447501182,0.507189951,0.514205488,0.510806865
SMR,NaN,NaN,NaN,NaN,NaN,NaN,NaN,NaN,NaN,NaN,NaN,NaN,1.245555413,1.533406472,1.1628187,1.127906923,NaN,NaN,NaN,NaN,NaN,1.301678221,NaN
NIU,NaN,NaN,NaN,NaN,NaN,NaN,NaN,NaN,NaN,NaN,NaN,NaN,NaN,NaN,NaN,0.159019328,NaN,NaN,NaN,NaN,NaN,NaN,NaN
CUW,NaN,NaN,NaN,NaN,NaN,NaN,NaN,NaN,NaN,NaN,NaN,NaN,NaN,NaN,NaN,NaN,0.082247187,0.195202618,0.157020127,0.174948895,0.173540397,0.120544813,0.248159912
ERI,NaN,NaN,NaN,NaN,NaN,NaN,NaN,NaN,NaN,NaN,NaN,NaN,NaN,NaN,NaN,NaN,0.079453609,0.113854731,0.130838888,0.082820158,0.053264119,0.053933513,0.073972077
SSD,NaN,NaN,NaN,NaN,NaN,NaN,NaN,NaN,NaN,NaN,NaN,NaN,NaN,NaN,NaN,NaN,NaN,0.005488653,0.002009636,0.003824656,0.005703218,0.013608607,0.007375589
